,channel_name,channel_url,channel_id,video_title,video_id,video_description
0,coldones,https://www.youtube.com/@coldones,UCfbnTUxUech4P1XgYUwYuKA,We Tested SHOCKING Tik Tok Gadgets,rnBxeYSR4GA,"🌈BUY THE SHIRTS WE'RE WEARING with code ""COLDONES""  👉🏻 https://bit.ly/coolshirtzz
🍑 DRINK GROG 👉 http://grog.shop
🥤 FOR 10% OFF YOUR GAMERSUPPS use code ""COLDONES"" 👉 https://bit.ly/coldonesGG


🅿️ Pledge to our patreon for extended videos: https://www.patreon.com/coldones

SEND STUFF TO OUR PO BOX AND IT MIGHT BE FEATURED IN A VID: ✉️📬
PO BOX 403
Abbotsford
VIC 3067
Australia
_______________________________________________________
SOCIAL MEDIA LINKS
Twitter ⇨ https://twitter.com/ColdOnes
Reddit "
1,SebastianLague,https://www.youtube.com/@SebastianLague,UCmtyQOKKmrMVaKuRXz02jbQ,[Ludum Dare #43] The Resistance: Behind the Scenes,MoQ5OapRI2c,"A game about batteries. Made in 48 hours for the Ludum Dare 43 game jam.
https://ldjam.com/events/ludum-dare/43/the-resistance

Support the creation of more tutorials and get early access to new videos: https://www.patreon.com/SebastianLague"
2,babishculinaryuniverse,https://www.youtube.com/@babishculinaryuniverse,UCJHA_jMfCvEnv-3kRjTCQXw,Quadruple Stacked Ham Sandwich from Final Fantasy XV | Arcade with Alvin,ouJL4FGGbuc,"This episode is sponsored by Squarespace. Head to http://bit.ly/squarespacebabish to save 10% off your first purchase of a website or domain using code BABISH.

On this episode of Arcade with Alvin, Alvin makes the gravity-defying Stacked Ham Sandwich from Final Fantasy XV.

Follow Alvin Zhou on Instagram: https://www.instagram.com/alvin.zhou/

Pre-Order the new Basics with Babish Cookbook: https://www.bingingwithbabish.com/cookbook

Babish Cookware on Amazon: http://bit.ly/babishstore

My playl"
3,bonappetit,https://www.youtube.com/@bonappetit,UCbpMy0Fg74eXXkvxJrtEn3w,Recreating Maangchi's Seafood Kimchi Fried Rice From Taste | Reverse Engineering | Bon Appétit,iYMcvGktqhU,"We challenged Chris Morocco to recreate Maangchi's seafood kimchi fried rice in the Bon Appétit Test Kitchen. The catch? He’s doing it blindfolded with with only his other senses to guide him.

Want Bon Appétit shirts, hats and more? https://shop.bonappetit.com/?utm_source=youtube&utm_brand=ba&utm_campaign=aud-dev&utm_medium=video&utm_content=merch-shop-promo

Still haven’t subscribed to Bon Appétit on YouTube? ►► http://bit.ly/1TLeyPn

Want more Bon Appétit in your life? Subscribe to the ma"
4,Fireship,https://www.youtube.com/@Fireship,UCsBjURrPoezykLs9EqgamOA,7 tech leaders who ended up in prison,CWeSzhJpJ9U,"Yesterday, Sam Bankman-Fried was sentenced to 25 years in prison. Let's look at 7 other tech leaders and entrepreneurs who broke the law and went to prison. 

#tech #hacking #thecodereport 

💬 Chat with Me on Discord

https://discord.gg/fireship

🔗 Resources

Full Stripe Payments Course https://fireship.io/courses/stripe-saas
Tech Trends 2024 https://youtu.be/vyQv563Y-fk

🔥 Get More Content - Upgrade to PRO

Upgrade at https://fireship.io/pro
Use code YT25 for 25% off PRO access 

🎨 My Editor Se"
5,casey,https://www.youtube.com/@casey,UCtinbF-Q-fVthA0qrFQTgXQ,Reuniting With my Dad,rzCFZypafAM,"music from these talented artists;
https://www.youtube.com/isaintjames
https://soundcloud.com/prodbyponder
https://open.spotify.com/track/0KLy8FhoIWjPwfcjQSJSZ9"
6,atrioc,https://www.youtube.com/@atrioc,UCgv4dPk_qZNAbUW9WkuLPSA,Shark Tank in 2023 Is Insane,jmsl_jRcmoQ,"jerome powell needs to raise rates again 

WATCH LIVE ► https://www.twitch.tv/atrioc
TWITTER ►https://www.twitter.com/atrioc
DISCORD ►  https://discord.com/invite/Dar3UDx
REDDIT ► https://reddit.com/r/Atrioc/

Edited by BryGuy | https://twitter.com/BryGuyEdits

FULL VOD: https://www.twitch.tv/videos/1907819328

0:00 Intro
0:16 Pitch 1: Stoage Scholars
4:24 Pitch 2: Ghia
9:16 Pitch 3: Woosh

#atrioc #sharktank  #react"
7,tested,https://www.youtube.com/@tested,UCiDJtJKMICpb9B1qf7qjEOA,What NOT to Ask Your Hero,RZjk7egplg4,"What tips does Adam Savage have for mentees? Who does Adam love to listen to? Does Adam work in his home kitchen like he does in the cave, and does he and Mrs. Donttrythis bake at all? In this live stream excerpt Adam answers these questions from Tested members @claytations, @crispychrissy, @Chef Tiny and @Robert Standen, whom we thank for their support.

Ologies: https://www.alieward.com/ologies

Join this channel to support Tested and get access to perks, like asking Adam a question during liv"
8,tested,https://www.youtube.com/@tested,UCiDJtJKMICpb9B1qf7qjEOA,Faster-Than-Light Jumpship Model from Foundation!,eUW52wR5ogQ,"One of the most intricate scale models we saw at this year's WonderFest modelmaking show was Bauble Young's recreation of a Faster-than-light Jumpship from the AppleTV show Foundation. We chat with Bauble about his yearlong effort designing this ship in Sketchup and the combination of 3D printing and styrene scratchbuilding he used to create this absolutely gorgeous ship model!

Wonderfest scale model show: https://www.wonderfest.com/

Shot by Joey Fameli and edited by Norman Chan
Music by Jingl"
9,RTGame,https://www.youtube.com/@RTGame,UCRC6cNamj9tYAO6h_RXd5xA,A Stupid Stupid Man Sells Sharks in Dave the Diver,OlW1BqSZ0xc,"Dave has dived too deep, and the sharks now plot their revenge

Watch all my Dave the Diver videos: https://www.youtube.com/playlist?list=PLliBvQE3gg9eYfKQsA6udyHakjdb62qLH

~This video was recorded live on my Twitch Channel: http://www.twitch.tv/rtgame
~Subscribe if you'd like to see more! https://www.youtube.com/@RTGame?sub_confirmation=1
~Become a Youtube Member to support me: https://www.youtube.com/channel/UCRC6cNamj9tYAO6h_RXd5xA/join

~Follow me on Twitter: https://twitter.com/RTGameCrowd"
10,ChrisRamsay52,https://www.youtube.com/@ChrisRamsay52,UCrPUg54jUy1T_wII9jgdRbg,Impossible Dovetail Cubes! #brainteasers #puzzle,54EkHhkpB4I,"MY SHOP: https://www.1st.shop/

***MY OTHER CHANNELS***
AREA52: @area52investigations
My Podcast: @bottomofthebarrel
Gaming Channel: @chrisramsaytv
My Twitch Channel: https://www.twitch.tv/chrisramsay52
____________________________________________________________
Thanks to Apurture for the lighting:
https://glnk.io/73j1x/chris-ramsayaputureaffiliate
____________________________________________________________
Cool Stuff Available here: https://bit.ly/3f8RDm0
1000's of PUZZLES Available here: htt"
11,georainbolt,https://www.youtube.com/@georainbolt,UC_slDWTPHflhuZqbGc8u4yA,playing geoguessr irl,QldKfm6EMzM,"touching grass

kodiak's channel: https://www.youtube.com/@Kodiak1777
patreon for more: https://www.patreon.com/professionalgeoguessr
edited by: rawcruz (linktr.ee/rawcruz)"
12,williamosman,https://www.youtube.com/@williamosman,UCfMJ2MchTSW2kWaT0kK94Yw,How Much Sawdust Can You Put In A Rice Crispy?,AKDal51f5LU,"The answer will surprise you. ""I Can't Believe It's Not Rice Crispies!""
Thank you to Audible for sponsoring this video! Choose 1 audiobook and 2 Audible Originals absolutely free. Visit https://www.audible.com/william or text william to 500-500.
Featuring:
@iDubbbzTV 
@Allen Pan - Sufficiently Advanced 
@Simone Giertz 
@PeterSripol 
@illymation 

Consider supporting me on Patreon: https://www.patreon.com/williamosman
InstaHam: https://www.instagram.com/crabsandscience/
Twitter: https://twitter"
13,Munchies,https://www.youtube.com/@Munchies,UCaLfMkkHhSA_LaCta0BzyhQ,A Dominican Quesadilla by Meyhem Lauren,gbwKDxUd0Wc,"""I had a dream."" Meyhem Lauren's dream of combining his two favorite cuisines, Dominican and Mexican, comes to life with these mouthwatering quesadillas.

Inspired by Meyhem's love for chimis (Dominican hamburgers) and his desire to bridge Mexican and Dominican cultures, these flavor-packed quesadillas feature pollo guisado, Oaxacan cheese, and smashed fried plantains for a unique and decadent meal. 🌮🇩🇴🇲🇽 

#mexicanfood #dominicanfood #foodlover #recipes

Subscribe to MUNCHIES here: http://bit.l"
14,HipyoTech,https://www.youtube.com/@HipyoTech,UCXlDgfWY2JbsYEam2m68Hyw,This Keyboard is BUDGET.,GXEqzF02PbQ,(This keyboard was sent to me for free by Wobkey - I'll have a vid on it this Saturday!) #keyboards #mechanicalkeyboards #mechanicalkeyboard #customkeyboard #keycaps
15,LEMMiNO,https://www.youtube.com/@LEMMiNO,UCRcgy6GzDeccI7dkbbBna3Q,Top 10 Facts - Aliens,VmeOgWXbgD8,"Twitter: http://lemmi.no/twitter
Facebook: http://lemmi.no/facebook


[Music]
Huma-Huma - Eureka

Link:
https://www.youtube.com/audiolibrary/music


[References & Further Reading]
https://docs.google.com/spreadsheets/d/1uUFmXkfYhKiq46Hol5o_YoWrrGn2WmoaZAMS8XugkX4/pub?gid=82692674


[Thumbnail]
http://lemmino.deviantart.com/art/Aliens-467586759"
16,HipyoTech,https://www.youtube.com/@HipyoTech,UCXlDgfWY2JbsYEam2m68Hyw,I Tried The New Logitech Keyboard... (So You Don't Have To.),FaLZfATeRVA,"The Logitech Pro X 60 just might be the Best WORST gaming keyboard of 2024. I'm not sure how Logitech managed to make this bad of a mechanical keyboard...
Check Out Boardwalk! https://district.net/boardwalk?referral=HIPYO
⬇️Affiliate links to help out the channel ⬇️
Get any other keyboard from this list: @https://youtu.be/XhvxZDmxgYg
Logitech GPro X 60 Lightspeed: https://amzn.to/44HtJE2 
G502 Lightspeed Mouse: https://geni.us/C5AbTOa
Desk Mats: https://kineticlabs.com/desk-mats?ref=hipyo
My cam"
17,TomScottGo,https://www.youtube.com/@TomScottGo,UCBa659QWEk1AI4Tg--mrJ2A,"Downhill, on a couch, on public roads.",19o8yPaVp58,"The Monte Toboggans, in Funchal on the island of Madeira, are wicker sofas: a bit like the gondolas of Venice, only you're going downhill in regular traffic. More about them: https://www.carreirosdomonte.com/

Producer: Aitken Pearson https://firecrestindependent.com
Assistant Producer: Elsa Gouveia
Camera: Elton Cantoni
Editor: Dave Stevenson http://davestevenson.co.uk

🟥 MORE FROM TOM: https://www.tomscott.com/
(you can find contact details and social links there too)

📰 WEEKLY NEWSLETTER with"
18,PewDiePie,https://www.youtube.com/@PewDiePie,UC-lHJZR3Gqxm24_Vd_AJ5Yw,This is the best,CZy5pwKdMuo,"🧎#Subscribe🧎

Stock Up On ➡️🥤Gfuel (affiliate): https://gfuel.ly/pewdiepie-collection
#Code #Pewdiepie

Shop my OFFICIAL merch collection: https://bit.ly/pdpstore

∞ Official ƿ૯ωძɿ૯ƿɿ૯ Infinity Stream: https://www.twitch.tv/pewdiepie

⚙️ My Setup (affiliate links)⚙️
🎧 Headphones: https://www.anrdoezrs.net/click-100814745-14330447
🪑 Chair: https://tinyurl.com/clutchpdp
⌨️ 🖱️ Keyboard & Mouse: https://tinyurl.com/ghostpdp

🕹️ PewDiePie's Tuber Simulator
iOS: https://tinyurl.com/tuberIOS
Android: h"
19,Nexpo,https://www.youtube.com/@Nexpo,UCpFFItkfZz1qz5PpHpqzYBw,Nexpo: Extended Play | Video Extras,tmSewYqFhm4,"Hey everyone. Had some requests for full versions of the new intro/old outro songs that I've used so I've consolidated them here for you to jam to. 

Hope you enjoy!

Track 1 (0:00): 
""Black Heat"" (NE Edit) - Ross Bugden
https://soundcloud.com/rossbugden

Track 2 (3:57):
""Kooler"" - ZachJ
https://soundcloud.com/zachj-music

----------------------------------------------------------------------------

🎡Visit Liminal Land: https://www.liminalland.net
📧Submit a mystery: NightmareExpo@gmail.com
📲Foll"
20,Trektrendy,https://www.youtube.com/@Trektrendy,UC50xPFPma-nCS5GZpAFukpQ,Still AWFUL? Air Canada Signature BUSINESS CLASS *Surprise Review!*,g1g6m2_xSf0,"Head to https://squarespace.com/trektrendy to save 10% off your first purchase of a website or domain using code TREKTRENDY

Is Air Canada still awful? Today i'm flying Air Canada in a surprise review onboard their Boeing 787 Dreamliner. After my last awful experience, it's time to find out how they perform with their reintroduced Signature Business Class product. I'll be departing from their flagship Toronto YYZ airport and, as i'm now allowed to enter Canada i'll be reviewing their ground expe"
21,primitivetechnology9550,https://www.youtube.com/@primitivetechnology9550,UCAL3JXZSzSm8AlZyD3nQdBA,Primitive Technology: Making Charcoal in a Closed Pot,JAi4WVuvGs8,"Primitive Technology: Making charcoal in a closed pot, small scale success but failed to scale up
Subscribe: http://bit.ly/subPT | Never miss a video! Enable ‘ALL’ Notifications!
Watch my newest content: https://youtube.com/playlist?list=PLGnWLXjIDnpBR4xqf3FO-xFFwE-ucq4Fj&playnext=1&index=2

Follow Primitive Technology:
Wordpress: https://primitivetechnology.wordpress.com/
Patreon: https://patreon.com/user?u=2945881

Watch More Primitive Technology:
Newest Uploads: https://youtube.com/playlist?l"
22,just_alex,https://www.youtube.com/@just_alex,UCQgL66VBbwihX6tBjd197UA,Becoming a Beekeeper - Day 1 till Day 365 - my first Honey Harvest - 1 year of Keeping bees,3Knyzo3ugnU,"I became a beekeeper and after 1 year I harvested my first load of honey! 
Helpful beekeeping youtube channel - https://www.youtube.com/@gwenyngruffydd
Check out my Instagram - https://www.instagram.com/alex_smith1809/
Support the Just Alex Channel on Patreon - https://www.patreon.com/justalexsmith
TikTok - https://www.tiktok.com/@justalexsmith
Watch me live on Twitch - https://www.twitch.tv/justalexsmith
Business enquiries - alexfordhamsmith@gmail.com"
23,casey,https://www.youtube.com/@casey,UCtinbF-Q-fVthA0qrFQTgXQ,i'm going back to NYC.,uBNFgU4sfP4,"Go to https://NordVPN.com/casey to get 70% off a 3 year plan and use code CASEY for an additional month free.  thank you NOrd for sponsoring my channel.

check out  DYALLA (she's a music genius, pls show her some love)
 https://www.youtube.com/channel/UCs5ib8kDfUmFBrL1BiEivEA"
24,PewDiePie,https://www.youtube.com/@PewDiePie,UC-lHJZR3Gqxm24_Vd_AJ5Yw,Kids are very dumb.,UoNAmRwf5qk,"Shop G FUEL’s Flavor Buddiez!! https://gfuel.ly/pewds-flavor-buddiez-box

Stock Up On ➡️🥤Gfuel (affiliate): https://gfuel.ly/pewdiepie-collection
#Code #Pewdiepie

👘 New Pre-Order for Tsuki: https://bit.ly/3xrWsgY

📱Customized Devices: https://rhinoshield.io/pewdiepie

⛰️NordVPN DOWNLOAD (affiliate link)⛰️
Go to https://NordVPN.com/pewdiepie and use code PEWDIEPIE to get a 2-year plan plus 1 additional month with a huge discount. It’s risk free with Nord’s 30 day money-back guarantee!

⚙️My Setu"
25,LinusTechTips,https://www.youtube.com/@LinusTechTips,UCXuqSBlHAE6Xw-yeJA0Tunw,This BLEW me away! - Meshless AIO SFF by Meshless Design,iQr1EZ3rLOM,"Check out Paperlike at: https://paperlike.com/linustech

NexiGo is hosting product giveaways every month! Enter for your chance to win here: https://viralnation.link/LTTXNexiGoGiveaway. (Contest is open to anyone 13+ in the United States)

Small Form Factor cases are pushing the boundaries of how much computing power can fit in a tiny chassis. From enclosures like the Formd T1, SSUPD Meshlicious, DanCase C4-SFX, and Fractal Terra, there is no shortage of small cases that can accommodate big powe"
26,CodeBullet,https://www.youtube.com/@CodeBullet,UC0e3QhIYukixgh5VVpKHH9Q,AI Learns to play the Worlds Hardest Game,Yo2SepcNyw4,"If it wins does that make it the worlds best AI?
NEXT LEVEL: https://www.youtube.com/watch?v=kVwkLb8zxq0&t=1s
